{"version":"1.136.0","results":[],"errors":[],"paths":{"scanned":[".github/workflows/security-pipeline.yml","README.md","app/pom.xml","app/src/main/java/com/example/App.java","config/dependency-check/suppressions.xml","config/semgrep/semgrep.yml","config/zap/zap-baseline.conf","data/dependency-check/cache/CENTRAL.data","data/dependency-check/cache/CENTRAL.key","data/dependency-check/cache/NODEAUDIT.data","data/dependency-check/cache/NODEAUDIT.key","data/dependency-check/cache/POM.data","data/dependency-check/cache/POM.key","data/dependency-check/jsrepository.json","data/dependency-check/jsrepository.json.properties","data/dependency-check/publishedSuppressions.xml","data/dependency-check/publishedSuppressions.xml.properties","docker-compose.yml","docs/ENTREGAVEIS.md","docs/pipeline-doc.md","docs/relatorio-dast.md","reports/dependency-check/dependency-check-report.html","reports/semgrep/semgrep.json","scripts/gh-download-latest.ps1","scripts/package_reports.sh","scripts/run_all.ps1","scripts/run_dependency_check.sh","scripts/run_semgrep.sh","scripts/run_snyk.sh","scripts/run_sonar_scanner.sh","scripts/run_zap_baseline.sh"]},"time":{"rules":[],"rules_parse_time":0.7856030464172363,"profiling_times":{"config_time":3.0257863998413086,"core_time":3.441434860229492,"ignores_time":0.00047397613525390625,"total_time":6.470504999160767},"parsing_time":{"total_time":0.0,"per_file_time":{"mean":0.0,"std_dev":0.0},"very_slow_stats":{"time_ratio":0.0,"count_ratio":0.0},"very_slow_files":[]},"scanning_time":{"total_time":1.6033446788787842,"per_file_time":{"mean":0.021377929051717124,"std_dev":0.00134059761269681},"very_slow_stats":{"time_ratio":0.0,"count_ratio":0.0},"very_slow_files":[]},"matching_time":{"total_time":0.0,"per_file_and_rule_time":{"mean":0.0,"std_dev":0.0},"very_slow_stats":{"time_ratio":0.0,"count_ratio":0.0},"very_slow_rules_on_files":[]},"tainting_time":{"total_time":0.0,"per_def_and_rule_time":{"mean":0.0,"std_dev":0.0},"very_slow_stats":{"time_ratio":0.0,"count_ratio":0.0},"very_slow_rules_on_defs":[]},"fixpoint_timeouts":[],"prefiltering":{"project_level_time":0.0,"file_level_time":0.0,"rules_with_project_prefilters_ratio":0.0,"rules_with_file_prefilters_ratio":0.7583892617449665,"rules_selected_ratio":0.2953020134228188,"rules_matched_ratio":0.2953020134228188},"targets":[],"total_bytes":0,"max_memory_bytes":699126144},"engine_requested":"OSS","skipped_rules":[]}